{
	"format_version": "1.21.11",
	"credit": "Made with Blockbench",
	"texture_size": [48, 48],
	"textures": {
		"0": "mineraft:mr/flotsam/pl",
		"particle": "mineraft:mr/flotsam/pl"
	},
	"elements": [
		{
			"from": [-3.73387, 0.00977, 3.5],
			"to": [-3.73387, 8.00977, 10.5],
			"rotation": {"x": 19.9299, "y": -1.70818, "z": 4.69986, "origin": [6.19688, 7.90909, 7]},
			"faces": {
				"east": {"uv": [9, 6, 6.66667, 8.66667], "texture": "#0"},
				"west": {"uv": [6.66667, 6, 9, 8.66667], "texture": "#0"}
			}
		},
		{
			"from": [0.48335, -0.17752, 3.5],
			"to": [0.48335, 7.82248, 10.5],
			"rotation": {"x": 13.16783, "y": 15.18892, "z": -48.2367, "origin": [6.19688, 7.90909, 7]},
			"faces": {
				"east": {"uv": [6.66667, 6, 4.33333, 8.66667], "texture": "#0"},
				"west": {"uv": [4.33333, 6, 6.66667, 8.66667], "texture": "#0"}
			}
		},
		{
			"from": [1.48212, 4.51922, 2.5],
			"to": [1.48212, 12.51922, 11.5],
			"rotation": {"x": 1.81693, "y": 19.92066, "z": -84.6809, "origin": [6.19688, 7.90909, 7]},
			"faces": {
				"east": {"uv": [7.33333, 3, 4.33333, 5.66667], "texture": "#0"},
				"west": {"uv": [4.33333, 3, 7.33333, 5.66667], "texture": "#0"}
			}
		},
		{
			"from": [9.81352, 13.31514, 2.5],
			"to": [20.81352, 13.31514, 11.5],
			"rotation": {"x": 19.9299, "y": 1.70818, "z": -4.69986, "origin": [6.19688, 7.90909, 7]},
			"faces": {
				"up": {"uv": [4.33333, 0, 8, 3], "texture": "#0"},
				"down": {"uv": [4.33333, 3, 8, 0], "texture": "#0"}
			}
		}
	],
	"display": {}
}